Name,Avg_TAT,Avg_WT,Avg_RT,Throughput,CPU_Util,Ctx_Switch
FCFS,6188.3,5826.4,273.35,0.0027631942525559545,100.0,192
SJF (Non-Pre),4218.05,3856.15,1844.7,0.0027631942525559545,100.0,192
SRTF (Preemptive),4203.05,3841.15,1812.55,0.0027631942525559545,100.0,7238
Priority+RR (Q=4),4275.35,3913.45,2137.55,0.0027631942525559545,100.0,7238
Round Robin (Q=5),6066.9,5705.0,46.15,0.0027631942525559545,100.0,1520
Round Robin (Q=20),6147.8,5785.9,126.1,0.0027631942525559545,100.0,458
Femto-Window AI,6085.65,5723.75,52.15,0.0027631942525559545,100.0,318
