Name,Avg_TAT,Avg_WT,Avg_RT,Throughput,CPU_Util,Ctx_Switch
FCFS,65773.655,65393.65,3538.605,0.0026315443217852395,100.0,1986
SJF (Non-Pre),43783.81,43403.805,20335.72,0.0026315443217852395,100.0,1986
SRTF (Preemptive),43776.16,43396.155,20195.705,0.0026315443217852395,100.0,76001
Priority+RR (Q=4),43363.33,42983.325,30773.04,0.0026315443217852395,100.0,76001
Round Robin (Q=5),61608.685,61228.68,481.86,0.0026315443217852395,100.0,15932
Round Robin (Q=20),63011.39,62631.385,1572.26,0.0026315443217852395,100.0,4794
Femto-Window AI,61724.07,61344.065,585.96,0.0026315443217852395,100.0,3304
