Name,Avg_TAT,Avg_WT,Avg_RT,Throughput,CPU_Util,Ctx_Switch
FCFS,32899.82,32521.7,1710.76,0.0026446630699248916,100.0,984
SJF (Non-Pre),21423.83,21045.71,9805.82,0.0026446630699248916,100.0,984
SRTF (Preemptive),21418.43,21040.31,9711.29,0.0026446630699248916,100.0,37812
Priority+RR (Q=4),21334.89,20956.77,14722.78,0.0026446630699248916,100.0,37812
Round Robin (Q=5),31228.13,30850.01,240.85,0.0026446630699248916,100.0,7942
Round Robin (Q=20),31829.8,31451.68,764.9,0.0026446630699248916,100.0,2383
Femto-Window AI,31065.15,30687.03,290.23,0.0026446630699248916,100.0,1646
