Name,Avg_TAT,Avg_WT,Avg_RT,Throughput,CPU_Util,Ctx_Switch
FCFS,134052.2325,133666.9325,6354.04,0.0025953802232026994,100.0,4037
SJF (Non-Pre),88878.7925,88493.4925,36864.27,0.0025953802232026994,100.0,4037
SRTF (Preemptive),88865.07,88479.77,36839.985,0.0025953802232026994,100.0,154120
Priority+RR (Q=4),86190.46,85805.16,60239.995,0.0025953802232026994,100.0,154120
Round Robin (Q=5),125843.055,125457.755,952.695,0.0025953802232026994,100.0,32299
Round Robin (Q=20),128523.69,128138.39,2912.555,0.0025953802232026994,100.0,9709
Femto-Window AI,125625.4225,125240.1225,1104.405,0.0025953802232026994,100.0,6682
