Name,Avg_TAT,Avg_WT,Avg_RT,Throughput,CPU_Util,Ctx_Switch
FCFS,16392.48,16013.32,706.2,0.002637409009389176,100.0,509
SJF (Non-Pre),12117.66,11738.5,4040.2,0.002637409009389176,100.0,509
SRTF (Preemptive),12097.2,11718.04,3884.6,0.002637409009389176,100.0,18958
Priority+RR (Q=4),10911.48,10532.32,7316.14,0.002637409009389176,100.0,18958
Round Robin (Q=5),15790.48,15411.32,115.46,0.002637409009389176,100.0,4001
Round Robin (Q=20),16066.76,15687.6,339.92,0.002637409009389176,100.0,1210
Femto-Window AI,15633.64,15254.48,134.86,0.002637409009389176,100.0,840
