Name,Avg_TAT,Avg_WT,Avg_RT,Throughput,CPU_Util,Ctx_Switch
FCFS,3090.4,2735.9,189.2,0.0028208744710860366,100.0,95
SJF (Non-Pre),2110.4,1755.9,959.5,0.0028208744710860366,100.0,95
SRTF (Preemptive),2106.5,1752.0,908.7,0.0028208744710860366,100.0,3545
Priority+RR (Q=4),1954.7,1600.2,798.7,0.0028208744710860366,100.0,3545
Round Robin (Q=5),2728.4,2373.9,23.9,0.0028208744710860366,100.0,734
Round Robin (Q=20),2915.5,2561.0,80.5,0.0028208744710860366,100.0,225
Femto-Window AI,2930.5,2576.0,27.7,0.0028208744710860366,100.0,158
